1;1;"""Recognized for exceptional dedication and leadership during community service initiatives.""";4
2;1;"""Commended for outstanding teamwork and commitment to learning in training programs.""";5
3;1;"""Acknowledged for exemplary volunteer efforts and commitment to community welfare.""";3
4;12;"""Highlighted for consistent dedication and enthusiasm in volunteer endeavors.""";4
5;12;;5
6;12;"""Commended for exceptional participation and valuable contributions to community initiatives.""";4
7;3;"""Highlighted for outstanding commitment and support in training sessions.""";3
8;3;"""Acknowledged for dedicated efforts and commitment to team success.""";2
9;23;;4
10;24;"""Commended for consistent dedication and enthusiasm in community projects.""";5
11;4;"""Highlighted for valuable contributions and commitment to community service.""";3
2;4;"""Acknowledged for outstanding teamwork and commitment to excellence in training programs.""";5
3;25;"""Recognized for exceptional commitment and passion towards volunteer endeavors.""";4
4;5;"""Commended for exemplary participation and valuable contributions in community welfare.""";1
5;5;"""Highlighted for consistent dedication and enthusiastic support in volunteer activities.""";5
6;6;"""Acknowledged for dedicated efforts and commitment to the success of team initiatives.""";1
7;6;"""Recognized for exceptional leadership qualities and dedication in community service.""";2
8;6;"""Commended for outstanding commitment and valuable contributions to community projects.""";3
9;7;"""Highlighted for exceptional dedication and enthusiasm in volunteer work.""";4
10;7;"""Acknowledged for consistent dedication and commitment to community welfare.""";5
11;7;"""Recognized for exceptional commitment and leadership during volunteer initiatives.""";4
12;8;;3
13;8;"""Highlighted for outstanding commitment and enthusiastic participation in volunteer activities.""";2
14;8;"""Acknowledged for dedicated efforts and commitment to team excellence.""";5
15;9;"""Recognized for exceptional dedication and valuable contributions to community initiatives.""";5
1;9;"""Commended for consistent dedication and passion towards volunteer endeavors.""";3
2;9;"""Highlighted for valuable contributions and commitment to community welfare.""";2
3;1;"""Acknowledged for outstanding teamwork and dedication in training programs.""";4
4;1;"""Recognized for exceptional commitment and enthusiasm in volunteer projects.""";5
5;1;"""Commended for exemplary participation and valuable contributions to community service.""";5
16;1;"""Recognized for exceptional dedication and leadership during community service initiatives.""";1
17;10;"""Commended for outstanding teamwork and commitment to learning in training programs.""";2
18;11;"""Acknowledged for exemplary volunteer efforts and commitment to community welfare.""";3
19;12;;4
4;12;;5
1;12;"""Commended for exceptional participation and valuable contributions to community initiatives.""";4
2;3;"""Highlighted for outstanding commitment and support in training sessions.""";3
3;3;"""Acknowledged for dedicated efforts and commitment to team success.""";2
4;13;"""Recognized for exceptional dedication and leadership qualities during volunteer activities.""";1
5;14;"""Commended for consistent dedication and enthusiasm in community projects.""";5
6;4;"""Highlighted for valuable contributions and commitment to community service.""";3
7;4;"""Acknowledged for outstanding teamwork and commitment to excellence in training programs.""";2
8;4;"""Recognized for exceptional commitment and passion towards volunteer endeavors.""";4
9;5;"""Commended for exemplary participation and valuable contributions in community welfare.""";5
2;5;"""Highlighted for consistent dedication and enthusiastic support in volunteer activities.""";5
1;15;"""Acknowledged for dedicated efforts and commitment to the success of team initiatives.""";4
2;26;;5
3;16;"""Commended for outstanding commitment and valuable contributions to community projects.""";3
4;6;"""Highlighted for exceptional dedication and enthusiasm in volunteer work.""";4
5;7;"""Acknowledged for consistent dedication and commitment to community welfare.""";5
1;7;"""Recognized for exceptional commitment and leadership during volunteer initiatives.""";4
1;27;"""Commended for valuable contributions and dedication to community service.""";3
3;8;"""Highlighted for outstanding commitment and enthusiastic participation in volunteer activities.""";2
4;8;"""Acknowledged for dedicated efforts and commitment to team excellence.""";4
1;18;;3
1;19;"""Commended for consistent dedication and passion towards volunteer endeavors.""";5
7;9;"""Highlighted for valuable contributions and commitment to community welfare.""";3
8;9;"""Acknowledged for outstanding teamwork and dedication in training programs.""";4
9;10;"""Recognized for exceptional commitment and enthusiasm in volunteer projects.""";5
5;22;"""Commended for exemplary participation and valuable contributions to community service.""";4
1;1;"""Recognized for exceptional dedication and leadership during community service initiatives.""";4
2;1;"""Commended for outstanding teamwork and commitment to learning in training programs.""";5
3;1;"""Acknowledged for exemplary volunteer efforts and commitment to community welfare.""";3
4;12;"""Highlighted for consistent dedication and enthusiasm in volunteer endeavors.""";4
5;12;;5
6;22;"""Commended for exceptional participation and valuable contributions to community initiatives.""";4
7;3;"""Highlighted for outstanding commitment and support in training sessions.""";3
